<?xml version="1.0" encoding="utf-8" standalone="yes" ?>
<rss version="2.0" xmlns:atom="http://www.w3.org/2005/Atom">
  <channel>
    <title>Maoqide</title>
    <link>/</link>
    <description>Recent content on Maoqide</description>
    <generator>Hugo -- gohugo.io</generator>
    <language>en-us</language>
    <lastBuildDate>Wed, 21 Nov 2018 19:46:06 +0800</lastBuildDate>
    
	<atom:link href="/index.xml" rel="self" type="application/rss+xml" />
    
    
    <item>
      <title>Apiserver</title>
      <link>/cloud/apiserver/</link>
      <pubDate>Wed, 21 Nov 2018 19:46:06 +0800</pubDate>
      
      <guid>/cloud/apiserver/</guid>
      <description>&lt;p&gt;k8s apiserver 源码阅读笔记&lt;/p&gt;</description>
    </item>
    
    <item>
      <title>Kubelet</title>
      <link>/cloud/kubelet/</link>
      <pubDate>Wed, 21 Nov 2018 18:48:01 +0800</pubDate>
      
      <guid>/cloud/kubelet/</guid>
      <description>&lt;p&gt;Kubelet 源码阅读笔记&lt;/p&gt;</description>
    </item>
    
  </channel>
</rss>