<?xml version="1.0" encoding="utf-8" standalone="yes" ?>
<rss version="2.0" xmlns:atom="http://www.w3.org/2005/Atom">
  <channel>
    <title>algorithm on Maoqide</title>
    <link>/algorithm/</link>
    <description>Recent content in algorithm on Maoqide</description>
    <generator>Hugo -- gohugo.io</generator>
    <language>en-us</language>
    <lastBuildDate>Sun, 02 Dec 2018 15:39:05 +0800</lastBuildDate>
    
	<atom:link href="/algorithm/index.xml" rel="self" type="application/rss+xml" />
    
    
  </channel>
</rss>